<?xml version="1.0" encoding="utf-8"?>
<extension type="component" version="3.0.0" method="upgrade">
    <identifier>com:qbsync</identifier>
    <name>COM_QBSYNC</name>
    <author>Jebb Domingo</author>
    <creationDate>January 2016</creationDate>
    <copyright>Copyright (C) 2016 - 2019 Nucleon + Co. (http://www.nucleonplus.com)</copyright>
    <authorEmail>info@nucleonplus.com</authorEmail>
    <authorUrl>www.nucleonplus.com</authorUrl>
    <version>1.0.0</version>
    <description>COM_QBSYNC_XML_DESCRIPTION</description>

    <scriptfile>resources/install/script.php</scriptfile>

    <install>
        <sql>
            <file driver="mysql" charset="utf8">resources/install/install.sql</file>
        </sql>
    </install>

    <uninstall>
        <sql>
            <file driver="mysql" charset="utf8">resources/install/uninstall.sql</file>
        </sql>
    </uninstall>

    <administration>
        <menu>COM_QBSYNC</menu>
        <submenu>
            <menu view="salesreceipts" link="option=com_qbsync&amp;view=salesreceipts">COM_QBSYNC_SUBMENU_SALESRECEIPTS</menu>
            <menu view="transfers" link="option=com_qbsync&amp;view=transfers">COM_QBSYNC_SUBMENU_TRANSFERS</menu>
            <menu view="customers" link="option=com_qbsync&amp;view=customers">COM_QBSYNC_SUBMENU_CUSTOMERS</menu>
        </submenu>

        <files folder="administrator/components/com_qbsync">
            <folder>controller</folder>
            <folder>dispatcher</folder>
            <folder>language</folder>
            <folder>model</folder>
            <folder>quickbooks</folder>
            <folder>resources</folder>
            <folder>template</folder>
            <folder>view</folder>

            <filename>access.xml</filename>
            <filename>config.xml</filename>
            <filename>qbsync.php</filename>
        </files>
    </administration>
</extension>